Pos,Game,Year,Genre,Publisher,North America,Europe,Japan,Rest of World,Global
1,Grand Theft Auto V,2014.0,Action,Rockstar Games,4.7,3.25,0.01,0.76,8.72
2,Call of Duty: Black Ops 3,2015.0,Shooter,Activision,4.63,2.04,0.02,0.68,7.37
3,Call of Duty: WWII,2017.0,Shooter,Activision,3.75,1.91,0.0,0.57,6.23
4,Red Dead Redemption 2,2018.0,Action-Adventure,Rockstar Games,3.76,1.47,0.0,0.54,5.77
5,MineCraft,2014.0,Misc,Microsoft Studios,3.23,1.71,0.0,0.49,5.43
6,Call of Duty: Advanced Warfare,2014.0,Shooter,Activision,3.25,1.49,0.01,0.48,5.22
7,Battlefield 1,2016.0,Shooter,Electronic Arts,3.37,1.26,0.02,0.48,5.13
8,Fallout 4,2015.0,Role-Playing,Bethesda Softworks,2.94,1.62,0.02,0.45,5.03
9,Halo 5: Guardians,2015.0,Shooter,Microsoft Studios,2.94,1.49,0.03,0.45,4.92
10,Call of Duty: Infinite Warfare,2016.0,Shooter,Activision,2.91,1.44,0.0,0.44,4.79
11,Star Wars Battlefront (2015),2015.0,Shooter,Electronic Arts,2.49,1.26,0.02,0.38,4.15
12,Forza Horizon 3,2016.0,Racing,Microsoft Studios,1.64,1.96,0.02,0.32,3.93
13,FIFA 17,2016.0,Sports,Electronic Arts,1.04,2.4,0.0,0.27,3.71
14,Gears of War: Ultimate Edition,2015.0,Shooter,Microsoft Studios,2.88,0.37,0.0,0.37,3.62
15,Assassin's Creed: Unity,2014.0,Action,Ubisoft,2.34,0.9,0.0,0.34,3.58
16,Halo: The Master Chief Collection,2014.0,Shooter,Microsoft Studios,2.06,1.04,0.03,0.31,3.44
17,Destiny,2014.0,Shooter,Activision,2.17,0.92,0.0,0.32,3.41
18,Gears of War 4,2016.0,Shooter,Microsoft Studios,2.17,0.9,0.0,0.32,3.38
19,FIFA 16,2015.0,Sports,EA Sports,0.92,2.1,0.0,0.24,3.25
20,FIFA 18,2017.0,Sports,EA Sports,0.98,1.92,0.0,0.23,3.14
21,Titanfall,2014.0,Shooter,Electronic Arts,1.88,0.91,0.04,0.28,3.11
22,Call of Duty: Ghosts,2013.0,Shooter,Activision,1.92,0.86,0.0,0.28,3.07
23,Overwatch,2016.0,Shooter,Blizzard Entertainment,1.63,0.84,0.0,0.25,2.72
24,Tom Clancy's Rainbow Six: Siege,2015.0,Shooter,Ubisoft,1.62,0.84,0.0,0.25,2.71
25,Tom Clancy's The Division,2016.0,Shooter,Ubisoft,1.54,0.82,0.0,0.24,2.59
26,Assassin's Creed Origins,2017.0,Action,Ubisoft,1.34,0.92,0.0,0.22,2.47
27,Madden NFL 16,2015.0,Sports,EA Sports,2.13,0.08,0.0,0.26,2.47
28,Madden NFL 17,2016.0,Sports,EA Sports,2.14,0.04,0.0,0.26,2.44
29,NBA 2K16,2015.0,Sports,2K Sports,2.01,0.15,0.0,0.25,2.41
30,Forza Motorsport 5,2013.0,Racing,Microsoft Studios,1.28,0.9,0.01,0.21,2.4
31,Destiny 2,2017.0,Shooter,Activision,1.66,0.47,0.0,0.23,2.35
32,Assassin's Creed IV: Black Flag,2013.0,Action,Ubisoft,1.51,0.59,0.0,0.22,2.32
33,FIFA 15,2014.0,Sports,EA Sports,0.64,1.39,0.0,0.16,2.19
34,PlayerUnknown's Battlegrounds,2017.0,Shooter,Microsoft Studios,1.29,0.69,0.0,0.2,2.17
35,Battlefield 4,2013.0,Shooter,Electronic Arts,1.26,0.65,0.0,0.19,2.09
36,NBA 2K17,2016.0,Sports,2K Sports,1.7,0.12,0.0,0.21,2.04
37,Forza Motorsport 6,2015.0,Racing,Microsoft Studios,0.9,0.92,0.04,0.16,2.02
38,NBA 2K18,2017.0,Sports,2K Sports,1.67,0.14,0.0,0.21,2.02
39,Star Wars Battlefront II (2017),2017.0,Shooter,Electronic Arts,1.15,0.59,0.0,0.17,1.92
40,Madden NFL 18,2017.0,Sports,EA Sports,1.63,0.07,0.0,0.2,1.91
41,The Elder Scrolls V: Skyrim,2016.0,Role-Playing,Bethesda Softworks,1.13,0.53,0.0,0.17,1.83
42,Far Cry 5,2018.0,Action,Ubisoft,1.14,0.47,0.0,0.17,1.78
43,Mortal Kombat X,2015.0,Fighting,Warner Bros. Interactive Entertainment,1.34,0.23,0.0,0.18,1.74
44,NBA 2K15,2014.0,Sports,2K Sports,1.39,0.18,0.0,0.18,1.74
45,The Witcher 3: Wild Hunt,2015.0,Role-Playing,Namco Bandai Games,0.97,0.61,0.01,0.15,1.74
46,Far Cry 4,2014.0,Shooter,Ubisoft,0.85,0.68,0.02,0.14,1.68
47,Watch Dogs,2014.0,Action-Adventure,Ubisoft,0.91,0.59,0.0,0.15,1.64
48,Dead Rising 3,2013.0,Action,Microsoft Studios,1.06,0.4,0.01,0.15,1.63
49,Tom Clancy's Ghost Recon Wildlands,2017.0,Shooter,Ubisoft,0.98,0.48,0.0,0.15,1.61
50,Madden NFL 15,2014.0,Sports,EA Sports,1.34,0.1,0.0,0.17,1.6
51,Rise of the Tomb Raider,2015.0,Adventure,Square Enix,0.61,0.82,0.03,0.12,1.58
52,Batman: Arkham Knight,2015.0,Action,Warner Bros. Interactive Entertainment,0.97,0.46,0.0,0.14,1.58
53,Forza Motorsport 7,2017.0,Racing,Microsoft Studios,0.58,0.81,0.01,0.12,1.52
54,Dying Light,2015.0,Action,Warner Bros. Interactive Entertainment,1.01,0.31,0.01,0.14,1.47
55,Ryse,2013.0,Action,Microsoft Studios,0.84,0.49,0.0,0.13,1.47
56,Forza Horizon 2,2014.0,Racing,Microsoft Studios,0.56,0.79,0.01,0.11,1.46
57,Doom (2016),2016.0,Shooter,Bethesda Softworks,0.76,0.57,0.0,0.13,1.45
58,Assassin's Creed Syndicate,2015.0,Action,Ubisoft,0.71,0.61,0.0,0.12,1.44
59,Middle-Earth: Shadow of Mordor,2014.0,Action,Warner Bros. Interactive Entertainment,0.77,0.52,0.01,0.12,1.42
60,Rocket League,2016.0,Sports,505 Games,0.52,0.75,0.0,0.11,1.38
61,The Elder Scrolls Online,2015.0,MMO,Bethesda Softworks,0.86,0.39,0.0,0.13,1.38
62,Titanfall 2,2016.0,Shooter,Electronic Arts,0.88,0.37,0.0,0.13,1.37
63,Watch Dogs 2,2016.0,Action,Ubisoft,0.71,0.53,0.0,0.12,1.35
64,FIFA Soccer 14,2013.0,Sports,EA Sports,0.44,0.78,0.0,0.1,1.31
65,Destiny: The Taken King,2015.0,Shooter,Activision,0.91,0.23,0.0,0.12,1.27
66,Battlefield: Hardline,2015.0,Shooter,Electronic Arts,0.73,0.39,0.01,0.11,1.24
67,Sunset Overdrive,2014.0,Action,Microsoft Studios,0.64,0.42,0.0,0.1,1.16
68,Middle-Earth: Shadow of War,2017.0,Action,Warner Bros. Interactive Entertainment,0.75,0.29,0.0,0.11,1.15
69,Lego Marvel Super Heroes,2013.0,Action,Warner Bros. Interactive Entertainment,0.61,0.44,0.0,0.1,1.15
70,Final Fantasy XV,2016.0,Role-Playing,Square Enix,0.72,0.3,0.01,0.11,1.14
71,Mafia III,2016.0,Action-Adventure,2K Games,0.54,0.48,0.0,0.09,1.11
72,Diablo III,2014.0,Role-Playing,Blizzard Entertainment,0.62,0.32,0.0,0.09,1.04
73,Just Cause 3,2015.0,Action-Adventure,Square Enix,0.52,0.41,0.0,0.09,1.01
74,Far Cry: Primal,2016.0,Action-Adventure,Ubisoft,0.51,0.41,0.0,0.09,1.0
75,Dragon Age III: Inquisition,2014.0,Role-Playing,Electronic Arts,0.63,0.27,0.0,0.09,0.99
76,Sea of Thieves,2018.0,Action-Adventure,Microsoft Studios,0.6,0.27,0.0,0.09,0.96
77,NBA 2K14,2013.0,Sports,2K Sports,0.72,0.12,0.0,0.09,0.94
78,Monster Hunter: World,2018.0,Action,Capcom,0.67,0.17,0.0,0.09,0.93
79,Injustice 2,2017.0,Fighting,Warner Bros. Interactive Entertainment,0.65,0.16,0.0,0.09,0.89
80,Resident Evil VII: Biohazard,2017.0,Action,Capcom,0.51,0.3,0.0,0.08,0.89
81,For Honor,2017.0,Action,Ubisoft,0.57,0.21,0.0,0.08,0.87
82,Dishonored 2,2016.0,Action,Bethesda Softworks,0.47,0.31,0.0,0.08,0.86
83,Plants vs. Zombies: Garden Warfare 2,2016.0,Shooter,Electronic Arts,0.47,0.32,0.0,0.08,0.86
84,Madden NFL 25,2013.0,Sports,EA Sports,0.69,0.06,0.0,0.09,0.83
85,Metal Gear Solid V: The Phantom Pain,2015.0,Action,Konami Digital Entertainment,0.49,0.25,0.02,0.07,0.83
86,Guitar Hero Live,2015.0,Music,Activision,0.52,0.23,0.0,0.08,0.83
87,Dark Souls III,2016.0,Role-Playing,Namco Bandai Games,0.56,0.15,0.0,0.08,0.79
88,LEGO Jurassic World,2015.0,Action,Warner Bros. Interactive Entertainment,0.44,0.27,0.0,0.07,0.78
89,Rare Replay,2015.0,Misc,Microsoft Studios,0.42,0.27,0.01,0.07,0.78
90,Mass Effect: Andromeda,2017.0,Role-Playing,Electronic Arts,0.5,0.2,0.0,0.07,0.78
91,Minecraft: Story Mode,2015.0,Adventure,Mojang,0.46,0.24,0.0,0.07,0.77
92,Fortnite,2017.0,Action,Gearbox Software,0.6,0.09,0.0,0.08,0.77
93,Quantum Break,2016.0,Action,Microsoft Studios,0.42,0.25,0.02,0.07,0.76
94,Wolfenstein: The New Order,2014.0,Shooter,Bethesda Softworks,0.39,0.3,0.0,0.06,0.75
95,Rock Band 4,2015.0,Music,Harmonix Music Systems,0.62,0.05,0.0,0.08,0.75
96,Need for Speed (2015),2015.0,Racing,Electronic Arts,0.35,0.33,0.0,0.06,0.74
97,The Sims 4,2017.0,Simulation,Electronic Arts,0.42,0.24,0.0,0.07,0.73
98,Need for Speed: Payback,2017.0,Racing,Electronic Arts,0.42,0.24,0.0,0.07,0.73
99,Dead Rising 4,2016.0,Action-Adventure,Microsoft Studios,0.41,0.25,0.0,0.06,0.73
100,LEGO Dimensions,2015.0,Action,Warner Bros. Interactive Entertainment,0.47,0.18,0.0,0.07,0.72
101,The Crew,2014.0,Racing,Ubisoft,0.32,0.34,0.0,0.06,0.71
102,Plants vs Zombies: Garden Warfare,2014.0,Shooter,Electronic Arts,0.39,0.25,0.0,0.06,0.71
103,Need for Speed Rivals,2013.0,Racing,Electronic Arts,0.45,0.19,0.0,0.07,0.7
104,Wolfenstein II: The New Colossus,2017.0,Shooter,Bethesda Softworks,0.45,0.19,0.0,0.07,0.7
105,The Evil Within,2014.0,Misc,Bethesda Softworks,0.36,0.27,0.0,0.06,0.69
106,LEGO Worlds,2017.0,Misc,Warner Bros. Interactive Entertainment,0.28,0.35,0.0,0.05,0.69
107,Borderlands: The Handsome Collection,2015.0,Shooter,2K Games,0.49,0.13,0.0,0.07,0.68
108,Evolve,2015.0,Shooter,2K Games,0.4,0.2,0.0,0.06,0.67
109,WWE 2K18,2017.0,Sports,2K Sports,0.35,0.25,0.0,0.06,0.66
110,Tomb Raider (2013),2014.0,Action-Adventure,Square Enix,0.38,0.22,0.0,0.06,0.66
111,The LEGO Movie Videogame,2014.0,Action-Adventure,Warner Bros. Interactive Entertainment,0.42,0.17,0.0,0.06,0.65
112,WWE 2K16,2015.0,Sports,Take-Two Interactive,0.34,0.24,0.0,0.06,0.63
113,Kinect Sports Rivals,2014.0,Sports,Microsoft Studios,0.3,0.25,0.02,0.05,0.62
114,South Park: The Fractured But Whole,2017.0,Role-Playing,Ubisoft,0.4,0.17,0.0,0.06,0.62
115,WWE 2K15,2014.0,Sports,2K Sports,0.32,0.23,0.0,0.05,0.61
116,EA Sports UFC 2,2016.0,Sports,EA Sports,0.36,0.19,0.0,0.06,0.61
117,NHL 17,2016.0,Sports,EA Sports,0.52,0.01,0.0,0.06,0.6
118,Tekken 7,2017.0,Fighting,Namco Bandai Games,0.3,0.23,0.0,0.05,0.58
119,LEGO Marvel Super Heroes 2,2017.0,Action,Warner Bros. Interactive Entertainment,0.32,0.2,0.0,0.05,0.57
120,WWE 2K17,2016.0,Sports,2K Games,0.26,0.26,0.0,0.05,0.57
121,Disney Infinity 2.0: Marvel Super Heroes,2014.0,Action-Adventure,Disney Interactive Studios,0.35,0.15,0.0,0.05,0.55
122,Just Dance 2015,2014.0,Music,Ubisoft,0.36,0.13,0.0,0.05,0.54
123,Dragon Ball Fighter Z,2018.0,Fighting,Namco Bandai Games,0.38,0.09,0.0,0.05,0.52
124,Alien: Isolation,2014.0,Adventure,Sega,0.23,0.25,0.0,0.04,0.52
125,Halo Wars 2,2017.0,Strategy,Microsoft Studios,0.31,0.15,0.0,0.05,0.51
126,NHL 16,2015.0,Sports,EA Sports,0.41,0.05,0.0,0.05,0.51
127,Lego Star Wars: The Force Awakens,2016.0,Action-Adventure,Warner Bros. Interactive Entertainment,0.24,0.22,0.0,0.04,0.5
128,Mad Max (2013),2015.0,Action,Warner Bros. Interactive Entertainment,0.29,0.16,0.0,0.05,0.5
129,LEGO Marvel's Avengers,2016.0,Action,Warner Bros. Interactive Entertainment,0.26,0.18,0.0,0.04,0.48
130,Zoo Tycoon (2013),2013.0,Simulation,Microsoft Studios,0.25,0.18,0.0,0.04,0.48
131,Steep,2016.0,Sports,Ubisoft,0.24,0.2,0.0,0.04,0.48
132,Thief 4,2014.0,Action,Square Enix,0.26,0.17,0.0,0.04,0.48
133,Just Dance 2014,2013.0,Music,Ubisoft,0.31,0.12,0.0,0.04,0.48
134,EA Sports UFC,2014.0,Fighting,Electronic Arts,0.3,0.13,0.0,0.04,0.48
135,BioShock The Collection,2016.0,Shooter,2K Games,0.35,0.08,0.0,0.05,0.48
136,Dragon Ball: Xenoverse 2,2016.0,Action,Namco Bandai Games,0.33,0.09,0.0,0.05,0.47
137,ARK: Survival Evolved,2017.0,Action-Adventure,Studio Wildcard,0.3,0.12,0.0,0.04,0.46
138,Disney Infinity 3.0,2015.0,Action,Disney Interactive Studios,0.3,0.12,0.0,0.04,0.46
139,Prey (2017),2017.0,Shooter,Bethesda Softworks,0.21,0.2,0.0,0.04,0.45
140,Skylanders: Trap Team,2014.0,Platform,Activision,0.34,0.07,0.0,0.04,0.45
141,Lego Batman 3: Beyond Gotham,2014.0,Action,Warner Bros. Interactive Entertainment,0.24,0.17,0.0,0.04,0.44
142,EA Sports UFC 3,2018.0,Sports,EA Sports,0.3,0.1,0.0,0.04,0.44
143,Rocksmith 2014,2014.0,Music,Ubisoft,0.31,0.08,0.0,0.04,0.43
144,Sniper Elite 3,2014.0,Shooter,505 Games,0.27,0.12,0.0,0.04,0.43
145,Hello Neighbor,2017.0,Action,Gearbox Software,0.27,0.11,0.0,0.04,0.42
146,NHL 15,2014.0,Sports,EA Sports,0.32,0.06,0.0,0.04,0.42
147,Project CARS,2015.0,Racing,Bandai Namco Games,0.21,0.16,0.0,0.04,0.41
148,Destiny: The Collection,2016.0,Shooter,Activision,0.25,0.12,0.0,0.04,0.41
149,Skylanders: SuperChargers,2015.0,Action-Adventure,Activision,0.31,0.05,0.0,0.04,0.4
150,Deus Ex: Mankind Divided,2016.0,Role-Playing,Square Enix,0.25,0.11,0.0,0.04,0.39
151,NHL 18,2017.0,Sports,EA Sports,0.32,0.03,0.0,0.04,0.39
152,The Evil Within II,2017.0,Action,Bethesda Softworks,0.25,0.1,0.0,0.04,0.39
153,Rayman Legends,2014.0,Platform,Ubisoft,0.13,0.22,0.0,0.03,0.38
154,Just Dance 2016,2015.0,Music,Ubisoft,0.3,0.04,0.0,0.04,0.38
155,Skylanders SWAP Force,2013.0,Misc,Activision,0.25,0.07,0.0,0.03,0.35
156,Naruto Shippuden: Ultimate Ninja Storm 4,2016.0,Fighting,Namco Bandai Games,0.25,0.07,0.0,0.03,0.35
157,Dragon Ball: XenoVerse,2015.0,Fighting,Namco Bandai Games,0.21,0.11,0.0,0.03,0.35
158,Marvel vs. Capcom: Infinite,2017.0,Fighting,Capcom,0.26,0.05,0.0,0.03,0.34
159,Just Dance 2017,2016.0,Music,Ubisoft,0.25,0.05,0.0,0.03,0.34
160,The Lego Ninjago Movie Videogame,2017.0,Action,Warner Bros. Interactive Entertainment,0.21,0.09,0.0,0.03,0.33
161,The Crew 2,2018.0,Racing,Ubisoft,0.2,0.1,0.0,0.03,0.33
162,Farming Simulator 17,2016.0,Simulation,Focus Home Interactive,0.19,0.11,0.0,0.03,0.33
163,METRO 2033,2014.0,Shooter,Deep Silver,0.15,0.14,0.0,0.03,0.31
164,Hitman (2016),2017.0,Action,Square Enix,0.2,0.08,0.0,0.03,0.31
165,LEGO City Undercover,2017.0,Platform,Warner Bros. Interactive Entertainment,0.15,0.12,0.0,0.03,0.3
166,Final Fantasy Type-0,2015.0,Role-Playing,Square Enix,0.2,0.07,0.0,0.03,0.3
167,Sniper Elite 4,2017.0,Shooter,Rebellion Developments,0.18,0.09,0.0,0.03,0.3
168,Sonic Forces,2017.0,Platform,Sega,0.15,0.11,0.0,0.03,0.29
169,Dark Souls II,2015.0,Role-Playing,Namco Bandai Games,0.19,0.07,0.0,0.03,0.28
170,Battleborn,2016.0,Shooter,2K Games,0.2,0.05,0.0,0.03,0.28
171,Rory McIlroy PGA Tour,2015.0,Sports,Electronic Arts,0.16,0.09,0.0,0.02,0.28
172,Assassin's Creed The Ezio Collection,2016.0,Action,Ubisoft,0.13,0.12,0.0,0.02,0.27
173,LEGO The Hobbit,2014.0,Action-Adventure,Warner Bros. Interactive Entertainment,0.13,0.13,0.0,0.02,0.27
174,Metal Gear Solid: Ground Zeroes,2014.0,Action-Adventure,Konami Digital Entertainment,0.13,0.13,0.0,0.02,0.27
175,Minecraft: Story Mode - Season Two,2017.0,Adventure,Telltale Games,0.17,0.08,0.0,0.02,0.27
176,Skylanders Imaginators,2016.0,Platform,Activision,0.19,0.05,0.0,0.03,0.27
177,Friday the 13th: The Game,2017.0,Action,Gun Media,0.21,0.03,0.0,0.03,0.27
178,ReCore,2016.0,Action-Adventure,Microsoft Studios,0.16,0.06,0.01,0.02,0.26
179,F1 2015,2015.0,Racing,Codemasters,0.09,0.15,0.0,0.02,0.25
180,L.A. Noire,2017.0,Adventure,Rockstar Games,0.14,0.09,0.0,0.02,0.25
181,Trials Fusion,2014.0,Racing,Ubisoft,0.12,0.1,0.0,0.02,0.25
182,Call of Duty: Modern Warfare Remastered,2017.0,Shooter,Activision,0.16,0.06,0.0,0.02,0.24
183,Zumba Fitness: World Party,2013.0,Misc,Majesco Entertainment,0.17,0.05,0.0,0.02,0.24
184,Saints Row IV,2015.0,Action,Deep Silver,0.13,0.09,0.0,0.02,0.24
185,Farming Simulator 2015,2015.0,Simulation,Koch Media,0.13,0.09,0.0,0.02,0.24
186,A Way Out,2018.0,Action,Electronic Arts,0.17,0.05,0.0,0.02,0.24
187,NBA Live 14,2013.0,Sports,EA Sports,0.19,0.02,0.0,0.02,0.24
188,Payday 2,2015.0,Shooter,505 Games,0.14,0.07,0.0,0.02,0.23
189,DiRT 4,2017.0,Racing,Codemasters,0.11,0.1,0.0,0.02,0.23
190,NBA Live 15,2014.0,Sports,Electronic Arts,0.18,0.02,0.0,0.02,0.22
191,F1 2016 (Codemasters),2016.0,Racing,Codemasters,0.09,0.12,0.0,0.02,0.22
192,Deadpool,2015.0,Action,Activision,0.17,0.03,0.0,0.02,0.22
193,The Amazing Spider-Man 2 (2014),2014.0,Action-Adventure,Activision,0.12,0.08,0.0,0.02,0.22
194,Kingdom Come: Deliverance,2018.0,Role-Playing,Deep Silver,0.14,0.06,0.0,0.02,0.22
195,Lords of the Fallen,2014.0,Role-Playing,Square Enix,0.1,0.1,0.0,0.02,0.22
196,Super Lucky's Tale,2017.0,Platform,Microsoft Studios,0.13,0.07,0.0,0.02,0.22
197,DiRT Rally,2016.0,Racing,Codemasters,0.12,0.08,0.0,0.02,0.21
198,Just Dance 2018,2017.0,Music,Ubisoft,0.15,0.04,0.0,0.02,0.21
199,Homefront: The Revolution,2016.0,Shooter,Deep Silver,0.1,0.09,0.0,0.02,0.21
200,State of Decay,2015.0,Action-Adventure,Microsoft Studios,0.14,0.05,0.0,0.02,0.21
201,NBA Live 18,2017.0,Sports,EA Sports,0.18,0.0,0.0,0.02,0.21
202,theHunter: Call of the Wild,2017.0,Shooter,Astragon,0.18,0.0,0.0,0.02,0.21
203,Sleeping Dogs,2014.0,Action-Adventure,Square Enix,0.1,0.09,0.0,0.02,0.2
204,Project CARS 2,2017.0,Racing,Namco Bandai Games,0.01,0.18,0.0,0.01,0.2
205,Batman: Return to Arkham,2016.0,Action,Warner Bros. Interactive Entertainment,0.12,0.06,0.0,0.02,0.2
206,Dishonored,2015.0,Action,Bethesda Softworks,0.13,0.05,0.0,0.02,0.19
207,One Piece: Burning Blood,2016.0,Fighting,Namco Bandai Games,0.11,0.07,0.0,0.02,0.19
208,Fantasia: Music Evolved,2014.0,Music,Disney Interactive Studios,0.14,0.03,0.0,0.02,0.19
209,Mirror's Edge 2,2016.0,Platform,Electronic Arts,0.11,0.06,0.0,0.02,0.19
210,Dance Central: Spotlight,,Music,,0.15,0.03,0.0,0.0,0.19
211,Naruto to Boruto: Shinobi Striker,2018.0,Action,Bandai Namco Games,0.17,0.0,0.0,0.02,0.19
212,XCOM 2,2016.0,Strategy,2K Games,0.15,0.02,0.0,0.02,0.19
213,F1 2017,2017.0,Racing,Koch Media,0.04,0.13,0.0,0.01,0.19
214,Shape Up,2014.0,Sports,Ubisoft,0.08,0.09,0.0,0.01,0.18
215,Cities: Skylines,2017.0,Simulation,Deep Silver,0.13,0.03,0.0,0.02,0.18
216,Sniper: Ghost Warrior 3,2017.0,Shooter,City Interactive,0.11,0.05,0.0,0.02,0.18
217,Project Spark (Working Title),2014.0,Misc,Microsoft Studios,0.11,0.05,0.0,0.02,0.17
218,Rush: A Disney Pixar Adventure,2017.0,Adventure,Microsoft Studios,0.15,0.0,0.0,0.02,0.17
219,Fighter Within,2013.0,Fighting,Ubisoft,0.08,0.07,0.0,0.01,0.17
220,Murdered: Soul Suspect,2014.0,Action-Adventure,Square Enix,0.08,0.07,0.0,0.01,0.17
221,Pac-Man Championship Edition 2 + Arcade Game Series,2016.0,Action,Namco Bandai Games,0.15,0.0,0.0,0.02,0.16
222,Angry Birds: Star Wars,2013.0,Puzzle,Activision,0.11,0.04,0.0,0.02,0.16
223,Little Nightmares,2017.0,Platform,Namco Bandai Games,0.12,0.03,0.0,0.02,0.16
224,The Walking Dead: Season One,2014.0,Adventure,Telltale Games,0.08,0.06,0.0,0.01,0.16
225,Wolfenstein: The Old Blood,2015.0,Shooter,Bethesda Softworks,0.07,0.07,0.0,0.01,0.15
226,Pro Evolution Soccer 2015,2014.0,Sports,Konami Digital Entertainment,0.04,0.1,0.0,0.01,0.15
227,Transformer: Rise of the Dark Spark,2014.0,Shooter,Activision,0.1,0.03,0.0,0.01,0.15
228,The Escapists 2,2017.0,Action,Sold Out,0.05,0.08,0.0,0.01,0.15
229,Transformers: Devastation,2015.0,Action,Activision,0.1,0.04,0.0,0.01,0.15
230,Spintires: MudRunner,2017.0,Simulation,Focus Home Interactive,0.11,0.02,0.0,0.01,0.15
231,DmC: Devil May Cry,2015.0,Action,Capcom,0.09,0.04,0.0,0.01,0.15
232,Attack on Titan (KOEI),2016.0,Action,Tecmo Koei,0.06,0.07,0.0,0.01,0.15
233,Tony Hawk's Pro Skater 5,2015.0,Sports,Activision,0.11,0.02,0.0,0.01,0.14
234,Naruto Shippuden: Ultimate Ninja Storm Legacy,2017.0,Fighting,Namco Bandai Games,0.11,0.02,0.0,0.01,0.14
235,The Walking Dead: Season Two,2014.0,Misc,Telltale Games,0.08,0.05,0.0,0.01,0.14
236,Resident Evil: Revelations 2,2015.0,Action,Capcom,0.1,0.02,0.0,0.01,0.14
237,Dishonored: Death of the Outsider,2017.0,Action,Bethesda Softworks,0.07,0.06,0.0,0.01,0.14
238,Ultimate Marvel vs. Capcom 3,2017.0,Fighting,Capcom,0.12,0.0,0.0,0.01,0.14
239,The Elder Scrolls Online: Morrowind,2017.0,MMO,Bethesda Softworks,0.09,0.03,0.0,0.01,0.14
240,Hasbro Family Fun Pack,2015.0,Misc,Ubisoft,0.1,0.02,0.0,0.01,0.13
241,Rocksmith 2014 Edition Remastered,2016.0,Music,Ubisoft,0.12,0.0,0.0,0.01,0.13
242,Song of the Deep,2016.0,Action,Insomniac Games,0.12,0.0,0.0,0.01,0.13
243,NBA Live 16,2015.0,Sports,EA Sports,0.11,0.01,0.0,0.01,0.13
244,Outlast Trinity,2017.0,Action,Warner Bros. Interactive Entertainment,0.1,0.02,0.0,0.01,0.13
245,Sonic Mania,2017.0,Platform,Sega,0.09,0.03,0.0,0.01,0.13
246,Dead by Daylight,2017.0,Action,505 Games,0.08,0.03,0.0,0.01,0.12
247,Darksiders III,2018.0,Action,THQ Nordic,0.11,0.0,0.0,0.01,0.12
248,Vampyr,2018.0,Role-Playing,Focus Home Interactive,0.07,0.04,0.0,0.01,0.12
249,The Walking Dead - The Telltale Series: A New Frontier,2017.0,Adventure,Warner Bros. Interactive Entertainment,0.1,0.01,0.0,0.01,0.12
250,NASCAR Heat 2,2017.0,Racing,505 Games,0.11,0.0,0.0,0.01,0.12
251,Life is Strange,2016.0,Adventure,Square Enix,0.08,0.03,0.0,0.01,0.12
252,Wolfenstein The Two Pack,2017.0,Shooter,Bethesda Softworks,0.11,0.0,0.0,0.01,0.12
253,The Surge,2017.0,Action,Koch Media,0.07,0.04,0.0,0.01,0.12
254,Naruto Shippuden Ultimate Ninja Storm 4: Road to Boruto,2017.0,Fighting,Namco Bandai Games,0.11,0.0,0.0,0.01,0.12
255,Pro Evolution Soccer 2016,2015.0,Sports,Konami Digital Entertainment,0.05,0.06,0.0,0.01,0.12
256,Pro Evolution Soccer 2018,2017.0,Sports,Konami Digital Entertainment,0.06,0.05,0.0,0.01,0.12
257,7 Days to Die,2016.0,Action,Telltale Games,0.09,0.02,0.0,0.01,0.12
258,Zombie Army Trilogy,2015.0,Shooter,Rebellion Developments,0.05,0.05,0.0,0.01,0.12
259,Prototype: Biohazard Bundle,2016.0,Action,Activision,0.1,0.0,0.0,0.01,0.11
260,Ride,2015.0,Racing,Milestone S.r.l.,0.05,0.05,0.0,0.01,0.11
261,Agents of Mayhem,2017.0,Action,Deep Silver,0.07,0.03,0.0,0.01,0.11
262,Metal Gear Solid V: The Definitive Experience,2016.0,Action,Konami Digital Entertainment,0.1,0.0,0.0,0.01,0.11
263,Killer Instinct (2013),2014.0,Fighting,Microsoft Studios,0.07,0.03,0.0,0.01,0.11
264,MXGP 2,2016.0,Racing,Milestone S.r.l.,0.07,0.02,0.0,0.01,0.1
265,NASCAR Heat Evolution,2016.0,Racing,Dusenberry Martin Racing,0.09,0.0,0.0,0.01,0.1
266,TrackMania Turbo,2016.0,Racing,Ubisoft,0.05,0.04,0.0,0.01,0.1
267,Divinity: Original Sin,2015.0,Role-Playing,Focus Home Interactive,0.06,0.03,0.0,0.01,0.1
268,Dead or Alive 5,2015.0,Fighting,Tecmo Koei,0.05,0.03,0.01,0.01,0.1
269,Pro Evolution Soccer 2017,2016.0,Sports,Konami Digital Entertainment,0.05,0.03,0.0,0.01,0.1
270,Resident Evil Zero,2016.0,Action-Adventure,Capcom,0.07,0.02,0.0,0.01,0.1
271,Sword Art Online: Fatal Bullet,2018.0,Role-Playing,Namco Bandai Games,0.09,0.0,0.0,0.01,0.1
272,Yooka-Laylee,2017.0,Platform,Sold Out,0.05,0.04,0.0,0.01,0.1
273,Real Farm,2017.0,Simulation,Soedesco,0.08,0.0,0.0,0.01,0.1
274,We Happy Few,2018.0,Action-Adventure,Gearbox Software,0.07,0.01,0.0,0.01,0.09
275,Duke Nukem 3D: 20th Anniversary World Tour,2016.0,Shooter,Gearbox Software,0.08,0.0,0.0,0.01,0.09
276,The Wolf Among Us,2014.0,Adventure,Telltale Games,0.06,0.02,0.0,0.01,0.09
277,Attack on Titan 2,2018.0,Action,Koei Tecmo,0.08,0.0,0.0,0.01,0.09
278,Rugby 15,2015.0,Sports,Bigben Interactive,0.03,0.05,0.0,0.01,0.09
279,MXGP 3: The Official Motocross Videogame,2017.0,Racing,Milestone,0.06,0.02,0.0,0.01,0.09
280,Bladestorm: Nightmare,2015.0,Action,Tecmo Koei,0.06,0.02,0.0,0.01,0.08
281,Monster Energy Supercross - The Official Videogame,2018.0,Racing,Milestone S.r.l.,0.08,0.0,0.0,0.01,0.08
282,America's Greatest Game Shows: Wheel of Fortune & Jeopardy!,2017.0,Misc,Ubisoft,0.08,0.0,0.0,0.01,0.08
283,Dead Island Definitive Collection,2016.0,Action,Deep Silver,0.05,0.03,0.0,0.01,0.08
284,Ride 2,2016.0,Racing,Milestone S.r.l,0.06,0.01,0.0,0.01,0.08
285,Elite: Dangerous,2017.0,Simulation,Frontier Developments,0.07,0.0,0.0,0.01,0.08
286,Just Dance: Disney Party 2,2015.0,Music,Ubisoft,0.06,0.01,0.0,0.01,0.08
287,Bulletstorm: Full Clip Edition,2017.0,Shooter,Gearbox Software,0.06,0.01,0.0,0.01,0.08
288,Micro Machines: World Series,2017.0,Racing,Codemasters,0.02,0.05,0.0,0.01,0.08
289,Darksiders II,2015.0,Action-Adventure,Nordic Games,0.05,0.03,0.0,0.01,0.08
290,Sherlock Holmes: Crimes & Punishments,2014.0,Adventure,Focus Home Interactive,0.03,0.04,0.0,0.01,0.08
291,Toy Soldiers: War Chest,2015.0,Action,Ubisoft,0.07,0.0,0.0,0.01,0.08
292,BlazBlue: Chrono Phantasma Extend,2015.0,Fighting,PQube,0.06,0.01,0.0,0.01,0.08
293,Metal Gear Survive,2018.0,Action,Konami Digital Entertainment,0.05,0.01,0.0,0.01,0.08
294,The Golf Club,2015.0,Sports,Ravenscourt,0.07,0.0,0.0,0.01,0.07
295,Batman: A Telltale Game Series,2016.0,Adventure,Telltale Games,0.06,0.01,0.0,0.01,0.07
296,Constructor HD,2017.0,Strategy,System 3,0.07,0.0,0.0,0.01,0.07
297,Teenage Mutant Ninja Turtles: Mutants in Manhattan,2016.0,Action,Activision,0.05,0.01,0.0,0.01,0.07
298,Valentino Rossi: The Game,2016.0,Racing,Namco Bandai Games,0.05,0.02,0.0,0.01,0.07
299,Disneyland Adventures,2017.0,Action-Adventure,Microsoft Studios,0.05,0.01,0.0,0.01,0.07
300,Dynasty Warriors 8: Empires,2014.0,Action,Tecmo Koei,0.04,0.02,0.0,0.01,0.07
301,Resident Evil 6,2016.0,Shooter,Capcom,0.06,0.0,0.0,0.01,0.07
302,Ghostbusters (2016),2016.0,Action,Activision,0.06,0.0,0.0,0.01,0.07
303,R.B.I. Baseball 2017,2017.0,Sports,MLB.com,0.06,0.0,0.0,0.01,0.07
304,Aven Colony,2017.0,Strategy,Sold Out,0.06,0.0,0.0,0.01,0.06
305,Adventure Time: Finn & Jake Investigations,2015.0,Action,Little Orbit,0.04,0.02,0.0,0.01,0.06
306,Atari Flashback Classics: Volume 1,2016.0,Misc,Atari,0.06,0.0,0.0,0.01,0.06
307,MotoGP 17,2017.0,Racing,Koch Media,0.04,0.02,0.0,0.01,0.06
308,Wasteland 2,2015.0,Role-Playing,Deep Silver,0.05,0.01,0.0,0.01,0.06
309,MX vs ATV Supercross Encore 2017 Track Edition,2017.0,Racing,THQ Nordic,0.05,0.0,0.0,0.01,0.06
310,Cartoon Network Battle Crashers,2016.0,Action,Maximum Games,0.05,0.01,0.0,0.01,0.06
311,Hasbro Family Fun Pack Conquest Edition,2016.0,Misc,Ubisoft,0.05,0.0,0.0,0.01,0.06
312,Sherlock Holmes: The Devil's Daughter,2016.0,Adventure,Bigben Interactive,0.05,0.0,0.0,0.01,0.06
313,MX vs. ATV Supercross Encore,2015.0,Sports,Nordic Games,0.05,0.0,0.0,0.01,0.06
314,Killing Floor 2Ê,2017.0,Shooter,Tripwire Interactive,0.05,0.0,0.0,0.01,0.06
315,R.B.I. Baseball 2016,2016.0,Sports,MLB.com,0.05,0.0,0.0,0.01,0.06
316,Okami,2017.0,Action,Capcom,0.05,0.0,0.0,0.01,0.06
317,Rapala Fishing Pro Series,2017.0,Simulation,GameMill,0.05,0.0,0.0,0.01,0.06
318,Arslan: The Warriors of Legend,2016.0,Action,Tecmo Koei,0.05,0.0,0.0,0.01,0.06
319,Golf Club 2,2017.0,Sports,Maximum Games,0.05,0.0,0.0,0.01,0.06
320,Mark McMorris Infinite Air,2016.0,Sports,Maximum Games,0.05,0.0,0.0,0.01,0.06
321,Atari Flashback Classics: Volume 2,2016.0,Misc,Atari,0.05,0.0,0.0,0.01,0.06
322,Hunting Simulator,2017.0,Shooter,Bigben Interactive,0.05,0.0,0.0,0.01,0.06
323,Styx: Shards of Darknes,2017.0,Action,Focus Home Interactive,0.05,0.0,0.0,0.01,0.06
324,Marvel's Guardians of the Galaxy: The Telltale Series,2017.0,Adventure,Warner Bros. Interactive Entertainment,0.05,0.0,0.0,0.01,0.05
325,Baja: Edge of Control HD,2017.0,Racing,THQ Nordic,0.05,0.0,0.0,0.01,0.05
326,Agatha Christie's The ABC Murders,2016.0,Adventure,Microids,0.04,0.0,0.0,0.01,0.05
327,Brothers: A Tale of Two Sons,2015.0,Adventure,505 Games,0.04,0.01,0.0,0.01,0.05
328,The Walking Dead: A Telltale Series Collection,2017.0,Adventure,Warner Bros. Interactive Entertainment,0.05,0.0,0.0,0.01,0.05
329,Rugby 18,2017.0,Sports,Koch Media,0.04,0.0,0.0,0.01,0.05
330,Has-Been Heroes,2017.0,Action,GameTrust,0.04,0.0,0.0,0.01,0.05
331,Deformers,2017.0,Action,Ready at Dawn,0.04,0.0,0.0,0.01,0.05
332,Extinction,2018.0,Action,Maximum Games,0.04,0.0,0.0,0.01,0.05
333,Resident Evil 4 HD,2016.0,Action-Adventure,Capcom,0.04,0.0,0.0,0.01,0.05
334,The Technomancer,2016.0,Role-Playing,Focus Home Interactive,0.03,0.02,0.0,0.0,0.05
335,Cars 3: Driven to Win,2017.0,Racing,Warner Bros. Interactive Entertainment,0.04,0.0,0.0,0.01,0.05
336,Pillars of Eternity,2017.0,Role-Playing,Paradox InteractiveÊ,0.04,0.0,0.0,0.01,0.05
337,Just Sing,2016.0,Music,Ubisoft,0.04,0.0,0.0,0.01,0.05
338,Mighty No. 9,2016.0,Platform,Deep Silver,0.04,0.0,0.0,0.01,0.05
339,Batman: The Enemy Within,2017.0,Adventure,Telltale Games,0.04,0.0,0.0,0.01,0.05
340,WRC 7,2017.0,Racing,Bigben Interactive,0.04,0.0,0.0,0.01,0.05
341,King's Quest: The Complete Collection,2016.0,Adventure,Activision,0.04,0.0,0.0,0.01,0.05
342,Marvel Pinball: Epic Collection Volume 1,2016.0,Puzzle,Nighthawk Interactive,0.04,0.0,0.0,0.01,0.05
343,Road Rage,2017.0,Racing,Maximum Games,0.04,0.0,0.0,0.0,0.04
344,Dragon's Dogma,2017.0,Role-Playing,Capcom,0.04,0.0,0.0,0.0,0.04
345,Deer Hunter Reloaded,2017.0,Shooter,GameMill Entertainment,0.04,0.0,0.0,0.0,0.04
346,Overcooked,2016.0,Action,Sold Out,0.04,0.0,0.0,0.0,0.04
347,Resident Evil 5 HD,2016.0,Action,Capcom,0.04,0.0,0.0,0.0,0.04
348,Darksiders: Warmastered Edition,2016.0,Action-Adventure,THQ Nordic,0.04,0.0,0.0,0.0,0.04
349,Valkyria: Azure Revolution,2017.0,Role-Playing,Deep Silver,0.04,0.0,0.0,0.0,0.04
350,Game of Thrones (Telltale),2015.0,Adventure,Telltale Games,0.04,0.0,0.0,0.0,0.04
351,Terraria,2014.0,Action,505 Games,0.0,0.04,0.0,0.0,0.04
352,Elex,2017.0,Role-Playing,THQ Nordic,0.04,0.0,0.0,0.0,0.04
353,Battle Chasers: Nightwar,2017.0,Role-Playing,THQ Nordic,0.04,0.0,0.0,0.0,0.04
354,Don't Starve,2018.0,Adventure,505 Games,0.04,0.0,0.0,0.0,0.04
355,Dead Rising 2,2016.0,Action,Capcom,0.03,0.0,0.0,0.0,0.04
356,Don Bradman Cricket 14,2015.0,Sports,Tru Blu Entertainment,0.0,0.04,0.0,0.0,0.04
357,Monster Jam: Crush It,2016.0,Racing,GameMill,0.03,0.0,0.0,0.0,0.04
358,Shadow Warrior (2013),2014.0,Shooter,Devolver Digital,0.0,0.04,0.0,0.0,0.04
359,Dead Alliance,2017.0,Shooter,Maximum Games,0.03,0.0,0.0,0.0,0.04
360,Warriors Orochi 3,2014.0,Action,Tecmo Koei,0.01,0.03,0.0,0.0,0.04
361,Dead Rising,2016.0,Action,Capcom,0.03,0.0,0.0,0.0,0.04
362,Sine Mora,2017.0,Action,THQ Nordic,0.03,0.0,0.0,0.0,0.04
363,WRC 6,2016.0,Racing,PQube,0.03,0.0,0.0,0.0,0.03
364,Black Mirror,2017.0,Adventure,THQ Nordic,0.03,0.0,0.0,0.0,0.03
365,Pure Farming 2018,2018.0,Simulation,Techland,0.03,0.0,0.0,0.0,0.03
366,MotoGP 15,2015.0,Racing,Milestone S.r.l.,0.0,0.03,0.0,0.0,0.03
367,Raid: World War II,2017.0,Shooter,505 Games,0.03,0.0,0.0,0.0,0.03
368,Carmageddon: Max Damage,2016.0,Action,Stainless Games,0.02,0.01,0.0,0.0,0.03
369,INSIDE / LIMBO Double Pack,2017.0,Platform,505 Games,0.03,0.0,0.0,0.0,0.03
370,Warhammer: The End Times - Vermintide,2016.0,Action,Games Workshop,0.03,0.0,0.0,0.0,0.03
371,Stardew Valley,2017.0,Simulation,505 Games,0.02,0.0,0.0,0.0,0.03
372,Ben 10 (2017),2017.0,Action,Outright Games,0.02,0.0,0.0,0.0,0.03
373,The Pillars of the Earth,2017.0,Adventure,Kalypso Media,0.02,0.0,0.0,0.0,0.03
374,Rime,2017.0,Adventure,Grey Box,0.02,0.0,0.0,0.0,0.03
375,Worms: WMD,2016.0,Strategy,Team17 Digital Ltd,0.02,0.0,0.0,0.0,0.02
376,Syberia III,2017.0,Adventure,Microids,0.02,0.0,0.0,0.0,0.02
377,Moto Racer 4,2016.0,Racing,PQube,0.02,0.0,0.0,0.0,0.02
378,Rugby League Live 4,2017.0,Sports,Tru Blu Entertainment,0.0,0.02,0.0,0.0,0.02
379,ABZU,2017.0,Adventure,505 Games,0.02,0.0,0.0,0.0,0.02
380,Pharaonic,2017.0,Action,Soedesco,0.02,0.0,0.0,0.0,0.02
381,Geometry Wars 3: Dimensions Evolved,2016.0,Action,Activision,0.02,0.0,0.0,0.0,0.02
382,Resident Evil: Revelations,2017.0,Action,Capcom,0.02,0.0,0.0,0.0,0.02
383,Broken Sword 5: The Serpent's Curse,2015.0,Adventure,Revolution Software,0.0,0.02,0.0,0.0,0.02
384,Rugby World Cup 2015,2015.0,Sports,Big Ben Interactive,0.0,0.02,0.0,0.0,0.02
385,The Crew: Wild Run,2015.0,Racing,Ubisoft,0.0,0.02,0.0,0.0,0.02
386,Prison Architect,2016.0,Simulation,Introversion Software,0.02,0.0,0.0,0.0,0.02
387,The Dwarves,2016.0,Role-Playing,THQ Nordic,0.02,0.0,0.0,0.0,0.02
388,Big Buck Hunter Arcade,2017.0,Shooter,GameMill,0.02,0.0,0.0,0.0,0.02
389,Redout,2017.0,Racing,505 Games,0.02,0.0,0.0,0.0,0.02
390,Troll and I,2017.0,Action,Maximum Games,0.02,0.0,0.0,0.0,0.02
391,Portal Knights,2017.0,Role-Playing,505 Games,0.02,0.0,0.0,0.0,0.02
392,Shaq-Fu: A Legend Reborn,2018.0,Action,Wired Productions,0.02,0.0,0.0,0.0,0.02
393,Psycho-Pass,2014.0,Visual Novel,5pb,0.0,0.0,0.02,0.0,0.02
394,Tropico 5,2016.0,Simulation,Kalypso Media,0.02,0.0,0.0,0.0,0.02
395,Back to the Future: The Game,2015.0,Adventure,Telltale Games,0.0,0.02,0.0,0.0,0.02
396,Saints Row: Gat out of Hell,2015.0,Action,Deep Silver,0.0,0.02,0.0,0.0,0.02
397,Mega Man Legacy Collection 2,2017.0,Action,Capcom,0.02,0.0,0.0,0.0,0.02
398,Dungeons 3,2017.0,Strategy,Kalypso Media,0.02,0.0,0.0,0.0,0.02
399,Blackguards 2,2017.0,Strategy,Kalypso Media,0.02,0.0,0.0,0.0,0.02
400,Rogue Trooper: Redux,2017.0,Shooter,Rebellion,0.02,0.0,0.0,0.0,0.02
401,Vikings: Wolves of Midgard,2017.0,Action,Kalypso Media,0.01,0.0,0.0,0.0,0.02
402,The Inner World: The Last Wind Monk,2017.0,Puzzle,Kalypso Media,0.01,0.0,0.0,0.0,0.02
403,Assetto Corsa,2016.0,Racing,505 Games,0.0,0.01,0.0,0.0,0.02
404,Le Tour de France 2017,2017.0,Simulation,Focus Home Interactive,0.0,0.01,0.0,0.0,0.02
405,Lock's Quest,2017.0,Strategy,THQ Nordic,0.01,0.0,0.0,0.0,0.02
406,WRC 5: FIA World Rally Championship,2015.0,Racing,Bigben Interactive,0.0,0.01,0.0,0.0,0.02
407,FlatOut 4: Total Insanity,2017.0,Racing,Bigben Interactive,0.01,0.0,0.0,0.0,0.01
408,Shadow Tactics: Blades of the Shogun,2017.0,Strategy,Kalypso Media,0.01,0.0,0.0,0.0,0.01
409,The Town of Light,2017.0,Adventure,THQ Nordic,0.01,0.0,0.0,0.0,0.01
410,Goat Simulator,2016.0,Simulation,Koch Media,0.0,0.01,0.0,0.0,0.01
411,Rugby League Live 3,2015.0,Sports,Tru Blu Entertainment,0.0,0.01,0.0,0.0,0.01
412,Assassin's Creed Chronicles,2016.0,Action,Ubisoft,0.0,0.01,0.0,0.0,0.01
413,SŽbastien Loeb Rally Evo,2016.0,Racing,Milestone S.r.l,0.0,0.01,0.0,0.0,0.01
414,Rugby Challenge 3,2016.0,Sports,Alternative Software,0.0,0.01,0.0,0.0,0.01
415,Rabbids Invasion: The Interactive TV Show,2014.0,Misc,Ubisoft,0.0,0.01,0.0,0.0,0.01
416,ZombiU,2016.0,Action,Ubisoft,0.0,0.01,0.0,0.0,0.01
417,This War of Mine,2016.0,Action,11 bit studios,0.0,0.01,0.0,0.0,0.01
418,Battle Worlds: Kronos,2016.0,Strategy,Nordic Games,0.01,0.0,0.0,0.0,0.01
419,ScreamRide,2015.0,Simulation,Microsoft Studios,0.0,0.01,0.0,0.0,0.01
420,Torment: Tides of Numenera,2017.0,Role-Playing,Techland,0.01,0.0,0.0,0.0,0.01
421,Ziggurat,2016.0,Shooter,Soedesco,0.0,0.01,0.0,0.0,0.01
422,ATV Renegades,2017.0,Racing,Nighthawk Interactive,0.0,0.0,0.0,0.0,0.01
423,This Is The Police,2017.0,Simulation,THQ Nordic,0.0,0.0,0.0,0.0,0.01
424,Valhalla Hills,2017.0,Strategy,Kalypso Media,0.0,0.0,0.0,0.0,0.0
425,Handball 16,2015.0,Sports,Bigben Interactive,0.0,0.0,0.0,0.0,0.0
426,Shovel Knight,2015.0,Platform,Yacht Club Games,0.0,0.0,0.0,0.0,0.0
427,Blood Bowl 2,2015.0,Sports,Focus Home Interactive,0.0,0.0,0.0,0.0,0.0
428,The Peanuts Movie: Snoopy's Grand Adventure,2015.0,Platform,Activision,0.0,0.0,0.0,0.0,0.0
429,Farming 2017 - The Simulation,2016.0,Simulation,UIG Entertainment,0.0,0.0,0.0,0.0,0.0
430,Kung Fu Panda: Showdown of Legendary Legends,2015.0,Action,Little Orbit,0.0,0.0,0.0,0.0,0.0
431,Strider (2014),2014.0,Platform,Capcom,0.0,0.0,0.0,0.0,0.0
432,The Amazing Spider-Man 2,2014.0,Misc,Activision,0.0,0.0,0.0,0.0,0.0
433,Mega Man Legacy Collection,2016.0,Platform,Capcom,0.0,0.0,0.0,0.0,0.0
434,A Boy and His Blob,,Platform,,0.0,0.0,0.0,0.0,0.0
435,Agatha Christie: The ABC Murders,2016.0,Adventure,Microids,0.0,0.0,0.0,0.0,0.0
436,Ancients of Ooga - The Forgotten Chapters,2016.0,Platform,Koch Media,0.0,0.0,0.0,0.0,0.0
437,Another World,,Adventure,,0.0,0.0,0.0,0.0,0.0
438,Bladestorm: The Hundred Years' War,2015.0,Action,BioWare,0.0,0.0,0.0,0.0,0.0
439,Brothers in Arms: Furious 4,2019.0,Shooter,Ubisoft,0.0,0.0,0.0,0.0,0.0
440,Buzz Buzz Bang,,Action,,0.0,0.0,0.0,0.0,0.0
441,Woolfe: The Red Hood Diaries,,Adventure,,0.0,0.0,0.0,0.0,0.0
442,SlashDash,,Action,,0.0,0.0,0.0,0.0,0.0
443,Devil May Cry 4,2015.0,Action,Capcom,0.0,0.0,0.0,0.0,0.0
444,#IDARB,,Action,,0.0,0.0,0.0,0.0,0.0
445,Frog Toss,,Misc,,0.0,0.0,0.0,0.0,0.0
446,Gran Turismo 5 Prologue Spec III,2014.0,Misc,Wizards of the Coast,0.0,0.0,0.0,0.0,0.0
447,Industry Giant II,2017.0,Strategy,UIG Entertainment,0.0,0.0,0.0,0.0,0.0
448,Killer Instinct,2020.0,Misc,Microsoft Game Studios,0.0,0.0,0.0,0.0,0.0
449,King's Quest I: Quest for the Crown (VGA Version),,Misc,,0.0,0.0,0.0,0.0,0.0
450,LIMBO,,Platform,,0.0,0.0,0.0,0.0,0.0
451,Mount & Blade: Warband,2016.0,Role-Playing,Koch Media,0.0,0.0,0.0,0.0,0.0
452,Neverwinter,,Role-Playing,,0.0,0.0,0.0,0.0,0.0
453,Pier Solar and the Great Architects,,Role-Playing,,0.0,0.0,0.0,0.0,0.0
454,Spectra 8bit Racing,,Racing,,0.0,0.0,0.0,0.0,0.0
455,Nero,,Puzzle,,0.0,0.0,0.0,0.0,0.0
456,Pinball FX 2,,Misc,,0.0,0.0,0.0,0.0,0.0
457,Gran Turismo HD Concept,,Misc,,0.0,0.0,0.0,0.0,0.0
458,Dear Esther,,Adventure,,0.0,0.0,0.0,0.0,0.0
459,Lightning Returns: Final Fantasy XIII,2013.0,Misc,Square Enix,0.0,0.0,0.0,0.0,0.0
460,Oddworld: Abe's Oddysee New N' Tasty!,,Platform,,0.0,0.0,0.0,0.0,0.0
461,Lifeless Planet,,Puzzle,,0.0,0.0,0.0,0.0,0.0
462,Slender: The Arrival,2015.0,Adventure,Unknown,0.0,0.0,0.0,0.0,0.0
463,Lovers in a Dangerous Spacetime,,Action,,0.0,0.0,0.0,0.0,0.0
464,Human Element,2015.0,Misc,Unknown,0.0,0.0,0.0,0.0,0.0
465,Whore of the Orient,2020.0,Misc,Warner Bros. Interactive Entertainment,0.0,0.0,0.0,0.0,0.0
466,Max: the Curse of Brotherhood,,Action-Adventure,,0.0,0.0,0.0,0.0,0.0
467,Axiom Verge,,Action,,0.0,0.0,0.0,0.0,0.0
468,Guacamelee!,,Action,,0.0,0.0,0.0,0.0,0.0
469,Carmageddon: Reincarnation,2015.0,Misc,Stainless Games,0.0,0.0,0.0,0.0,0.0
470,The Banner Saga,,Role-Playing,,0.0,0.0,0.0,0.0,0.0
471,Cobalt,,Action,,0.0,0.0,0.0,0.0,0.0
472,Plague Inc.,,Strategy,,0.0,0.0,0.0,0.0,0.0
473,BADLAND,,Action,,0.0,0.0,0.0,0.0,0.0
474,Halo: Spartan Assault,,Shooter,,0.0,0.0,0.0,0.0,0.0
475,Halo 6,2020.0,Shooter,Microsoft Game Studios,0.0,0.0,0.0,0.0,0.0
476,D4,,Adventure,,0.0,0.0,0.0,0.0,0.0
477,Crimson Dragon,,Shooter,,0.0,0.0,0.0,0.0,0.0
478,Below,,Action-Adventure,,0.0,0.0,0.0,0.0,0.0
479,Peggle 2,,Misc,,0.0,0.0,0.0,0.0,0.0
480,LocoCycle,,Action,,0.0,0.0,0.0,0.0,0.0
481,Powerstar Golf,,Sports,,0.0,0.0,0.0,0.0,0.0
482,Kingdom Hearts III,2019.0,Role-Playing,Square Enix,0.0,0.0,0.0,0.0,0.0
483,Black Tusk Studios Game,2020.0,Misc,Microsoft Game Studios,0.0,0.0,0.0,0.0,0.0
484,KickBeat,,Misc,,0.0,0.0,0.0,0.0,0.0
485,Reus,2016.0,Strategy,Soedesco,0.0,0.0,0.0,0.0,0.0
486,Rogue Legacy,,Action,,0.0,0.0,0.0,0.0,0.0
487,Defense Grid 2,,Misc,,0.0,0.0,0.0,0.0,0.0
488,Hellraid,,Misc,,0.0,0.0,0.0,0.0,0.0
489,There Came an Echo,,Misc,,0.0,0.0,0.0,0.0,0.0
490,Strike Suit Zero,,Misc,,0.0,0.0,0.0,0.0,0.0
491,Fable Legends,2019.0,Role-Playing,Microsoft Studios,0.0,0.0,0.0,0.0,0.0
492,WonderFlick,2014.0,Misc,Level 5,0.0,0.0,0.0,0.0,0.0
493,Monochroma,2014.0,Misc,Unknown,0.0,0.0,0.0,0.0,0.0
494,FORCED,,Role-Playing,,0.0,0.0,0.0,0.0,0.0
495,Sea Animal Games for Toddlers and Kids with Jigsaw Puzzles,2013.0,Misc,Ubisoft,0.0,0.0,0.0,0.0,0.0
496,Unmechanical,,Puzzle,,0.0,0.0,0.0,0.0,0.0
497,Divekick,,Fighting,,0.0,0.0,0.0,0.0,0.0
498,Child of Light,,Role-Playing,,0.0,0.0,0.0,0.0,0.0
499,Valiant Hearts: The Great War,,Adventure,,0.0,0.0,0.0,0.0,0.0
500,Hyper Light Drifter,,Role-Playing,,0.0,0.0,0.0,0.0,0.0
501,Legend of Raven,,Misc,,0.0,0.0,0.0,0.0,0.0
502,Xbox Fitness,,Misc,,0.0,0.0,0.0,0.0,0.0
503,Raven's Cry,2014.0,Role-Playing,TopWare Interactive,0.0,0.0,0.0,0.0,0.0
504,Shantae: Half-Genie Hero,,Platform,,0.0,0.0,0.0,0.0,0.0
505,Tales from the Borderlands,2014.0,Adventure,Telltale Games,0.0,0.0,0.0,0.0,0.0
506,Get Even,2015.0,Misc,Unknown,0.0,0.0,0.0,0.0,0.0
507,Threes!,,Puzzle,,0.0,0.0,0.0,0.0,0.0
508,Worms Battlegrounds,,Strategy,,0.0,0.0,0.0,0.0,0.0
509,Stranger of Sword City,2016.0,Role-Playing,Experience Inc.,0.0,0.0,0.0,0.0,0.0
510,The Book of Unwritten Tales 2,2015.0,Adventure,Nordic Games,0.0,0.0,0.0,0.0,0.0
511,Puyo Puyo Tetris,2014.0,Puzzle,Sega,0.0,0.0,0.0,0.0,0.0
512,Razor Global Domination Pro TourÊ,,Misc,,0.0,0.0,0.0,0.0,0.0
513,Gone HomeÊ,,Adventure,,0.0,0.0,0.0,0.0,0.0
514,Costume Quest 2,,Role-Playing,,0.0,0.0,0.0,0.0,0.0
515,Aztez,,Misc,,0.0,0.0,0.0,0.0,0.0
516,Not a Hero,,Misc,,0.0,0.0,0.0,0.0,0.0
517,Cult County,2015.0,Misc,Renegade Kid,0.0,0.0,0.0,0.0,0.0
518,Adr1ft,2016.0,Adventure,505 Games,0.0,0.0,0.0,0.0,0.0
519,R.B.I. Baseball 14,2014.0,Misc,MLB.com,0.0,0.0,0.0,0.0,0.0
520,Blue EstateÊ,2014.0,Misc,Focus Home Interactive,0.0,0.0,0.0,0.0,0.0
521,Source,,Misc,,0.0,0.0,0.0,0.0,0.0
522,Chariot,,Adventure,,0.0,0.0,0.0,0.0,0.0
523,Super Time Force,,Misc,,0.0,0.0,0.0,0.0,0.0
524,Pure PoolÊ,,Sports,,0.0,0.0,0.0,0.0,0.0
525,Never Alone,,Misc,,0.0,0.0,0.0,0.0,0.0
526,Space Hulk: Deathwing,2015.0,Shooter,Focus Home Interactive,0.0,0.0,0.0,0.0,0.0
527,Red Goddess: Inner Mind,,Platform,,0.0,0.0,0.0,0.0,0.0
528,Mystereet F: The Detectives' Curtain Call,2014.0,Misc,5pb,0.0,0.0,0.0,0.0,0.0
529,Chaos;Child,2014.0,Visual Novel,5pb,0.0,0.0,0.0,0.0,0.0
530,Fenix Rage,,Platform,,0.0,0.0,0.0,0.0,0.0
531,FRU,,Puzzle,,0.0,0.0,0.0,0.0,0.0
532,Shiness: The Lightning Kingdom,,Role-Playing,,0.0,0.0,0.0,0.0,0.0
533,Ori and the Blind Forest,,Platform,,0.0,0.0,0.0,0.0,0.0
534,Phantom Dust (2015),,Action,,0.0,0.0,0.0,0.0,0.0
535,Scalebound,2014.0,Action,PlatinumGames,0.0,0.0,0.0,0.0,0.0
536,Crackdown 3,2019.0,Action,Microsoft Studios,0.0,0.0,0.0,0.0,0.0
537,EA Sports PGA Tour,2015.0,Sports,EA Sports,0.0,0.0,0.0,0.0,0.0
538,Lara Croft and the Temple of Osiris,2014.0,Action,Square Enix,0.0,0.0,0.0,0.0,0.0
539,Wulverblade,,Action,,0.0,0.0,0.0,0.0,0.0
540,Gunscape,,Action,,0.0,0.0,0.0,0.0,0.0
541,Cuphead,,Action,,0.0,0.0,0.0,0.0,0.0
542,Knight Squad,,Action,,0.0,0.0,0.0,0.0,0.0
543,Dead Island 2,2017.0,Action,Deep Silver,0.0,0.0,0.0,0.0,0.0
544,Inside,,Platform,,0.0,0.0,0.0,0.0,0.0
545,Tetris UltimateÊ,2014.0,Puzzle,Ubisoft,0.0,0.0,0.0,0.0,0.0
546,Afro Samurai 2,2015.0,Action,Versus Evil,0.0,0.0,0.0,0.0,0.0
547,The Legend of Korra (2014),2014.0,Action,Activision,0.0,0.0,0.0,0.0,0.0
548,Azito x Tatsunoko Legends,,Simulation,,0.0,0.0,0.0,0.0,0.0
549,Shooting Love Trilogy,2015.0,Shooter,Triangle Service,0.0,0.0,0.0,0.0,0.0
550,AirMech Arena,,Action,,0.0,0.0,0.0,0.0,0.0
551,The Walking Dead: Season Three,,Action,,0.0,0.0,0.0,0.0,0.0
552,King of Wushu,2015.0,Action,Snail Game,0.0,0.0,0.0,0.0,0.0
553,MercuryÊ,2015.0,Action,Unknown,0.0,0.0,0.0,0.0,0.0
554,Pneuma: Breath of Life,,Puzzle,,0.0,0.0,0.0,0.0,0.0
555,The Escapists,,Action,,0.0,0.0,0.0,0.0,0.0
556,Superhot,,Shooter,,0.0,0.0,0.0,0.0,0.0
557,Spectra,,Racing,,0.0,0.0,0.0,0.0,0.0
558,Space Engineers,,Simulation,,0.0,0.0,0.0,0.0,0.0
559,No Time to Explain,,Action,,0.0,0.0,0.0,0.0,0.0
560,Funk of Titans,,Platform,,0.0,0.0,0.0,0.0,0.0
561,Fruit Ninja Kinect 2,,Action,,0.0,0.0,0.0,0.0,0.0
562,Blues and Bullets,,Action-Adventure,,0.0,0.0,0.0,0.0,0.0
563,Game 4,,Strategy,,0.0,0.0,0.0,0.0,0.0
564,Raiden V,2016.0,Action,Moss,0.0,0.0,0.0,0.0,0.0
565,Assassin's Creed Chronicles: China,2015.0,Action-Adventure,Ubisoft,0.0,0.0,0.0,0.0,0.0
566,Pathologic,2015.0,Adventure,Ice-pick Lodge,0.0,0.0,0.0,0.0,0.0
567,Geometry Wars 3: Dimensions,,Shooter,,0.0,0.0,0.0,0.0,0.0
568,Assassin's Creed: Victory,2015.0,Action,Ubisoft,0.0,0.0,0.0,0.0,0.0
569,The Banner Saga 2,,Role-Playing,,0.0,0.0,0.0,0.0,0.0
570,Gigantic,,Action,,0.0,0.0,0.0,0.0,0.0
571,Magic Duels: Origin,,Misc,,0.0,0.0,0.0,0.0,0.0
572,Shiftlings,,Platform,,0.0,0.0,0.0,0.0,0.0
573,Oceanhorn: Monster of Uncharted Seas,,Action,,0.0,0.0,0.0,0.0,0.0
574,Beyond Eyes,,Adventure,,0.0,0.0,0.0,0.0,0.0
575,Inside My Radio,,Platform,,0.0,0.0,0.0,0.0,0.0
576,Kaiju Panic,,Strategy,,0.0,0.0,0.0,0.0,0.0
577,Tembo the Badass Elephant,,Platform,,0.0,0.0,0.0,0.0,0.0
578,Assassin's Creed Chronicles: Russia,,Action,,0.0,0.0,0.0,0.0,0.0
579,Assassin's Creed Chronicles: India,,Action,,0.0,0.0,0.0,0.0,0.0
580,Overlord: Fellowship of Evil,,Action,,0.0,0.0,0.0,0.0,0.0
581,R.B.I. Baseball 15,2015.0,Sports,MLB.com,0.0,0.0,0.0,0.0,0.0
582,The Walking Dead: Michonne,,Adventure,,0.0,0.0,0.0,0.0,0.0
583,Unravel,,Platform,,0.0,0.0,0.0,0.0,0.0
584,Tachyon Project,,Action,,0.0,0.0,0.0,0.0,0.0
585,Cross Reverie,2017.0,Role-Playing,Sinxsoft,0.0,0.0,0.0,0.0,0.0
586,Goosebumps: The Game,,Adventure,,0.0,0.0,0.0,0.0,0.0
587,The Escapists: The Walking Dead,2015.0,Action,Team17 Software,0.0,0.0,0.0,0.0,0.0
588,Woodcutter Simulator 2016,2015.0,Action,Namco Bandai Games,0.0,0.0,0.0,0.0,0.0
589,Professional Farmer 2016,2015.0,Action,Namco Bandai Games,0.0,0.0,0.0,0.0,0.0
590,Professional Lumberjack 2016,2015.0,Simulation,Namco Bandai Games,0.0,0.0,0.0,0.0,0.0
591,Alekhine's Gun,2016.0,Action,Maximum Games,0.0,0.0,0.0,0.0,0.0
592,World to the West,2017.0,Action-Adventure,Soedesco,0.0,0.0,0.0,0.0,0.0
593,The Binding of Isaac: Rebirth,,Action,,0.0,0.0,0.0,0.0,0.0
594,Super Dungeon Bros,2016.0,Action,Wired Productions,0.0,0.0,0.0,0.0,0.0
595,Pro Cycling Manager 2016,2016.0,Sports,Focus Home Interactive,0.0,0.0,0.0,0.0,0.0
596,De-formers,,Action,,0.0,0.0,0.0,0.0,0.0
597,Wonder Boy: The Dragon's Trap (Remake),,Platform,,0.0,0.0,0.0,0.0,0.0
598,Rock of Ages II: Bigger and Boulder,,Action,,0.0,0.0,0.0,0.0,0.0
599,Fe,,Action,,0.0,0.0,0.0,0.0,0.0
600,We Sing (2016),2016.0,Music,THQ Nordic,0.0,0.0,0.0,0.0,0.0
601,Don Bradman Cricket 17,2016.0,Sports,Tru Blu Entertainment,0.0,0.0,0.0,0.0,0.0
602,Ace Combat 7: Skies Unknown,2019.0,Shooter,Bandai Namco Games,0.0,0.0,0.0,0.0,0.0
603,The Sexy Brutale,,Adventure,,0.0,0.0,0.0,0.0,0.0
604,Metro Exodus,2019.0,Shooter,Deep Silver,0.0,0.0,0.0,0.0,0.0
605,Anthem,2019.0,Role-Playing,Electronic Arts,0.0,0.0,0.0,0.0,0.0
606,AereA,2017.0,Role-Playing,Soedesco,0.0,0.0,0.0,0.0,0.0
607,Moons Of Madness,2018.0,Role-Playing,Unknown,0.0,0.0,0.0,0.0,0.0
608,Iron Harvest,2018.0,Strategy,Unknown,0.0,0.0,0.0,0.0,0.0
609,Biomutant,2018.0,Action,THQ Nordic,0.0,0.0,0.0,0.0,0.0
610,Biomutant,2019.0,Action,THQ Nordic,0.0,0.0,0.0,0.0,0.0
611,de Blob,2017.0,Platform,THQ Nordic,0.0,0.0,0.0,0.0,0.0
612,Outcast: Second Contact,2017.0,Adventure,Bigben Interactive,0.0,0.0,0.0,0.0,0.0
613,Code Vein,2019.0,Action,Bandai Namco Entertainment,0.0,0.0,0.0,0.0,0.0
